runId,cellId,variant,concurrency,repeat,observedSeconds,batchSize,requests,successes,failures,throughput,entryThroughput,failureRate,p50Ms,p95Ms,p99Ms
20260902T145232Z,batch-1-c1-r1,batch-1,1,1,30.403,1,14,14,0,0.46,0.46,0,2290.509,2345.391,2345.391
20260902T145232Z,batch-1-c1-r2,batch-1,1,2,28.917,1,13,13,0,0.45,0.45,0,2367.477,2416.65,2416.65
20260902T145232Z,batch-1-c1-r3,batch-1,1,3,29.693,1,13,13,0,0.438,0.438,0,2405.131,2490.592,2490.592
20260902T145232Z,batch-1-c10-r1,batch-1,10,1,29.588,1,700,700,0,23.658,23.658,0,435.117,465.39,480.597
20260902T145232Z,batch-1-c10-r2,batch-1,10,2,30.11,1,580,580,0,19.263,19.263,0,505.685,594.197,1240.521
20260902T145232Z,batch-1-c10-r3,batch-1,10,3,28.994,1,530,530,0,18.28,18.28,0,569.732,618.053,637.69
20260902T145232Z,batch-1-c20-r1,batch-1,20,1,28.906,1,870,870,0,30.098,30.098,0,695.467,792.351,804.073
20260902T145232Z,batch-1-c20-r2,batch-1,20,2,29.082,1,740,740,0,25.445,25.445,0,828.912,913.708,951.186
20260902T145232Z,batch-1-c20-r3,batch-1,20,3,28.722,1,660,660,0,22.979,22.979,0,911.358,995.473,1022.999
20260902T145232Z,batch-1-c5-r1,batch-1,5,1,30.535,1,70,70,0,2.292,2.292,0,2300.337,2334.231,2334.704
20260902T145232Z,batch-1-c5-r2,batch-1,5,2,29.128,1,65,65,0,2.232,2.232,0,2347.514,2530.925,2531.746
20260902T145232Z,batch-1-c5-r3,batch-1,5,3,31.673,1,65,65,0,2.052,2.052,0,2435.741,2483.499,2484.47
20260902T145232Z,batch-10-c1-r1,batch-10,1,1,30.467,10,13,13,0,0.427,4.267,0,2485.344,2515.591,2515.591
20260902T145232Z,batch-10-c1-r2,batch-10,1,2,29.103,10,12,12,0,0.412,4.123,0,2524.656,2771.551,2771.551
20260902T145232Z,batch-10-c1-r3,batch-10,1,3,28.824,10,12,12,0,0.416,4.163,0,2533.624,2584.949,2584.949
20260902T145232Z,batch-10-c10-r1,batch-10,10,1,29.882,10,430,430,0,14.39,143.899,0,713.233,762.076,771.248
20260902T145232Z,batch-10-c10-r2,batch-10,10,2,28.933,10,400,400,0,13.825,138.25,0,767.228,829.936,869.03
20260902T145232Z,batch-10-c10-r3,batch-10,10,3,28.545,10,390,390,0,13.663,136.626,0,781.384,819.832,824.025
20260902T145232Z,batch-10-c20-r1,batch-10,20,1,29.112,10,540,540,0,18.549,185.491,0,1150.743,1232.222,1304.479
20260902T145232Z,batch-10-c20-r2,batch-10,20,2,30.822,10,500,500,0,16.222,162.222,0,1238.143,1325.226,1381.028
20260902T145232Z,batch-10-c20-r3,batch-10,20,3,28.665,10,480,480,0,16.745,167.452,0,1260.182,1429.297,1453.746
20260902T145232Z,batch-10-c5-r1,batch-10,5,1,28.643,10,60,60,0,2.095,20.948,0,2527.888,2563.368,2566.017
20260902T145232Z,batch-10-c5-r2,batch-10,5,2,28.752,10,60,60,0,2.087,20.868,0,2543.968,2578.921,2580.178
20260902T145232Z,batch-10-c5-r3,batch-10,5,3,29.297,10,60,60,0,2.048,20.48,0,2583.263,2632.784,2634.303
20260902T145232Z,batch-25-c1-r1,batch-25,1,1,29.655,25,12,12,0,0.405,10.116,0,2618.44,2782.765,2782.765
20260902T145232Z,batch-25-c1-r2,batch-25,1,2,30.23,25,12,12,0,0.397,9.924,0,2659.031,2742.249,2742.249
20260902T145232Z,batch-25-c1-r3,batch-25,1,3,30.255,25,12,12,0,0.397,9.916,0,2653.592,2888.787,2888.787
20260902T145232Z,batch-25-c10-r1,batch-25,10,1,28.479,25,286,286,0,10.042,251.062,0,935.564,1679.558,1770.871
20260902T145232Z,batch-25-c10-r2,batch-25,10,2,30.286,25,280,280,0,9.245,231.13,0,981.111,1778.941,1907.98
20260902T145232Z,batch-25-c10-r3,batch-25,10,3,29.256,25,286,286,0,9.776,244.394,0,972.276,1795.689,1962.299
20260902T145232Z,batch-25-c20-r1,batch-25,20,1,29.529,25,391,391,0,13.241,331.031,0,1527.16,2055.904,2838.993
20260902T145232Z,batch-25-c20-r2,batch-25,20,2,30.214,25,377,377,0,12.478,311.941,0,1696.854,2140.115,2864.063
20260902T145232Z,batch-25-c20-r3,batch-25,20,3,31.02,25,372,372,0,11.992,299.807,0,1696.156,2180.703,2954.586
20260902T145232Z,batch-25-c5-r1,batch-25,5,1,30.467,25,60,60,0,1.969,49.234,0,2683.245,2725.313,2727.708
20260902T145232Z,batch-25-c5-r2,batch-25,5,2,30.46,25,60,60,0,1.97,49.245,0,2692.243,2752.175,2756.33
20260902T145232Z,batch-25-c5-r3,batch-25,5,3,28.33,25,55,55,0,1.941,48.535,0,2741.18,2788.958,2790.612
20260902T145232Z,batch-50-c1-r1,batch-50,1,1,28.6,50,11,11,0,0.385,19.231,0,2753.095,2899.672,2899.672
20260902T145232Z,batch-50-c1-r2,batch-50,1,2,29.177,50,11,11,0,0.377,18.85,0,2820.717,2952.081,2952.081
20260902T145232Z,batch-50-c1-r3,batch-50,1,3,29.757,50,11,11,0,0.37,18.483,0,2833.475,3214.663,3214.663
20260902T145232Z,batch-50-c10-r1,batch-50,10,1,29.078,50,231,231,0,7.944,397.208,0,1275.919,1810.82,1961.164
20260902T145232Z,batch-50-c10-r2,batch-50,10,2,31.14,50,220,220,0,7.065,353.243,0,1385.007,1934.151,2937.531
20260902T145232Z,batch-50-c10-r3,batch-50,10,3,28.837,50,216,216,0,7.49,374.519,0,1396.762,2005.445,2080.345
20260902T145232Z,batch-50-c20-r1,batch-50,20,1,29.681,50,305,305,0,10.276,513.797,0,2019.748,2419.677,3529.441
20260902T145232Z,batch-50-c20-r2,batch-50,20,2,30.256,50,292,292,0,9.651,482.549,0,2084.937,2497.371,3290.247
20260902T145232Z,batch-50-c20-r3,batch-50,20,3,30.688,50,286,286,0,9.32,465.98,0,2139.301,2516.971,3410.411
20260902T145232Z,batch-50-c5-r1,batch-50,5,1,30.08,50,147,147,0,4.887,244.348,0,939.688,1742.484,1860.691
20260902T145232Z,batch-50-c5-r2,batch-50,5,2,28.942,50,143,143,0,4.941,247.046,0,951.732,1824.141,1853.232
20260902T145232Z,batch-50-c5-r3,batch-50,5,3,29.49,50,121,121,0,4.103,205.154,0,1268.333,1824.806,1905.755
20260902T145232Z,issue-review-c1-r1,issue-review,1,1,31.738,1,8,8,0,0.252,0.252,0,4167.582,4199.213,4199.213
20260902T145232Z,issue-review-c1-r2,issue-review,1,2,28.537,1,7,7,0,0.245,0.245,0,4294.601,4351.457,4351.457
20260902T145232Z,issue-review-c1-r3,issue-review,1,3,29.158,1,7,7,0,0.24,0.24,0,4379.237,4432.35,4432.35
20260902T145232Z,issue-review-c10-r1,issue-review,10,1,28.595,1,1250,1250,0,43.714,43.714,0,240.551,274.5,281.768
20260902T145232Z,issue-review-c10-r2,issue-review,10,2,28.712,1,870,870,0,30.301,30.301,0,346.885,385.069,415.194
20260902T145232Z,issue-review-c10-r3,issue-review,10,3,28.588,1,700,700,0,24.486,24.486,0,429.825,474.619,495.14
20260902T145232Z,issue-review-c20-r1,issue-review,20,1,28.683,1,1320,1320,0,46.02,46.02,0,456.466,537.74,574.47
20260902T145232Z,issue-review-c20-r2,issue-review,20,2,28.628,1,970,970,0,33.883,33.883,0,618.127,700.615,733.547
20260902T145232Z,issue-review-c20-r3,issue-review,20,3,28.797,1,870,870,0,30.211,30.211,0,690.656,798.747,898.457
20260902T145232Z,issue-review-c5-r1,issue-review,5,1,32.146,1,40,40,0,1.244,1.244,0,4207.29,4234.697,4234.962
20260902T145232Z,issue-review-c5-r2,issue-review,5,2,28.346,1,35,35,0,1.235,1.235,0,4281.154,4400.365,4400.617
20260902T145232Z,issue-review-c5-r3,issue-review,5,3,30.685,1,35,35,0,1.141,1.141,0,4374.985,4439.255,4440.042
20260902T145232Z,public-verify-c1-r1,public-verify,1,1,27.719,1,3867,3867,0,139.507,139.507,0,7.719,8.87,9.82
20260902T145232Z,public-verify-c1-r2,public-verify,1,2,29.907,1,4018,4018,0,134.35,134.35,0,7.415,8.772,10.202
20260902T145232Z,public-verify-c1-r3,public-verify,1,3,28.418,1,4122,4122,0,145.049,145.049,0,7.249,8.165,9.141
20260902T145232Z,public-verify-c10-r1,public-verify,10,1,28.466,1,18686,18686,0,656.432,656.432,0,16.413,21.563,24.864
20260902T145232Z,public-verify-c10-r2,public-verify,10,2,28.461,1,19022,19022,0,668.353,668.353,0,16.13,21.028,23.746
20260902T145232Z,public-verify-c10-r3,public-verify,10,3,28.461,1,18977,18977,0,666.772,666.772,0,16.255,21.031,24.491
20260902T145232Z,public-verify-c20-r1,public-verify,20,1,28.416,1,20952,20952,0,737.331,737.331,0,28.672,38.612,43.903
20260902T145232Z,public-verify-c20-r2,public-verify,20,2,28.352,1,21168,21168,0,746.614,746.614,0,28.302,38.202,43.895
20260902T145232Z,public-verify-c20-r3,public-verify,20,3,28.441,1,21633,21633,0,760.627,760.627,0,27.934,37.218,42.742
20260902T145232Z,public-verify-c5-r1,public-verify,5,1,28.384,1,14494,14494,0,510.64,510.64,0,10.439,13.553,15.381
20260902T145232Z,public-verify-c5-r2,public-verify,5,2,29.485,1,14623,14623,0,495.947,495.947,0,10.341,13.488,15.653
20260902T145232Z,public-verify-c5-r3,public-verify,5,3,28.344,1,14757,14757,0,520.639,520.639,0,10.285,13.196,14.778
20260902T145232Z,student-private-c1-r1,student-private,1,1,28.418,1,3762,3762,0,132.381,132.381,0,7.957,8.905,9.707
20260902T145232Z,student-private-c1-r2,student-private,1,2,28.407,1,3793,3793,0,133.523,133.523,0,7.87,8.903,10.522
20260902T145232Z,student-private-c1-r3,student-private,1,3,28.324,1,3837,3837,0,135.468,135.468,0,7.801,8.753,10.088
20260902T145232Z,student-private-c10-r1,student-private,10,1,28.998,1,18627,18627,0,642.355,642.355,0,16.491,21.328,24.206
20260902T145232Z,student-private-c10-r2,student-private,10,2,30.01,1,18483,18483,0,615.895,615.895,0,16.637,21.638,24.613
20260902T145232Z,student-private-c10-r3,student-private,10,3,28.444,1,18558,18558,0,652.44,652.44,0,16.57,21.477,24.884
20260902T145232Z,student-private-c20-r1,student-private,20,1,28.455,1,21545,21545,0,757.16,757.16,0,28.385,36.786,42.125
20260902T145232Z,student-private-c20-r2,student-private,20,2,28.388,1,21358,21358,0,752.36,752.36,0,28.315,38.096,44.187
20260902T145232Z,student-private-c20-r3,student-private,20,3,28.352,1,20360,20360,0,718.115,718.115,0,29.418,40.961,49.354
20260902T145232Z,student-private-c5-r1,student-private,5,1,28.383,1,14212,14212,0,500.722,500.722,0,10.651,13.533,15.478
20260902T145232Z,student-private-c5-r2,student-private,5,2,28.347,1,14168,14168,0,499.806,499.806,0,10.667,13.625,15.308
20260902T145232Z,student-private-c5-r3,student-private,5,3,28.356,1,14298,14298,0,504.232,504.232,0,10.587,13.473,15.411
