runId,cellId,variant,concurrency,repeat,stage,observedSeconds,batchSize,requests,successes,failures,throughput,entryThroughput,failureRate,p50Ms,p95Ms,p99Ms
20260902T145232Z,batch-1-c1-r1,batch-1,1,1,batch-submit,30.403,,14,14,0,0.46,,0,2290.509,2345.391,2345.391
20260902T145232Z,batch-1-c1-r2,batch-1,1,2,batch-submit,28.917,,13,13,0,0.45,,0,2367.477,2416.65,2416.65
20260902T145232Z,batch-1-c1-r3,batch-1,1,3,batch-submit,29.693,,13,13,0,0.438,,0,2405.131,2490.592,2490.592
20260902T145232Z,batch-1-c10-r1,batch-1,10,1,batch-submit,29.588,,700,700,0,23.658,,0,435.117,465.39,480.597
20260902T145232Z,batch-1-c10-r2,batch-1,10,2,batch-submit,30.11,,580,580,0,19.263,,0,505.685,594.197,1240.521
20260902T145232Z,batch-1-c10-r3,batch-1,10,3,batch-submit,28.994,,530,530,0,18.28,,0,569.732,618.053,637.69
20260902T145232Z,batch-1-c20-r1,batch-1,20,1,batch-submit,28.906,,870,870,0,30.098,,0,695.467,792.351,804.073
20260902T145232Z,batch-1-c20-r2,batch-1,20,2,batch-submit,29.082,,740,740,0,25.445,,0,828.912,913.708,951.186
20260902T145232Z,batch-1-c20-r3,batch-1,20,3,batch-submit,28.722,,660,660,0,22.979,,0,911.358,995.473,1022.999
20260902T145232Z,batch-1-c5-r1,batch-1,5,1,batch-submit,30.535,,70,70,0,2.292,,0,2300.337,2334.231,2334.704
20260902T145232Z,batch-1-c5-r2,batch-1,5,2,batch-submit,29.128,,65,65,0,2.232,,0,2347.514,2530.925,2531.746
20260902T145232Z,batch-1-c5-r3,batch-1,5,3,batch-submit,31.673,,65,65,0,2.052,,0,2435.741,2483.499,2484.47
20260902T145232Z,batch-10-c1-r1,batch-10,1,1,batch-submit,30.467,,13,13,0,0.427,,0,2485.344,2515.591,2515.591
20260902T145232Z,batch-10-c1-r2,batch-10,1,2,batch-submit,29.103,,12,12,0,0.412,,0,2524.656,2771.551,2771.551
20260902T145232Z,batch-10-c1-r3,batch-10,1,3,batch-submit,28.824,,12,12,0,0.416,,0,2533.624,2584.949,2584.949
20260902T145232Z,batch-10-c10-r1,batch-10,10,1,batch-submit,29.882,,430,430,0,14.39,,0,713.233,762.076,771.248
20260902T145232Z,batch-10-c10-r2,batch-10,10,2,batch-submit,28.933,,400,400,0,13.825,,0,767.228,829.936,869.03
20260902T145232Z,batch-10-c10-r3,batch-10,10,3,batch-submit,28.545,,390,390,0,13.663,,0,781.384,819.832,824.025
20260902T145232Z,batch-10-c20-r1,batch-10,20,1,batch-submit,29.112,,540,540,0,18.549,,0,1150.743,1232.222,1304.479
20260902T145232Z,batch-10-c20-r2,batch-10,20,2,batch-submit,30.822,,500,500,0,16.222,,0,1238.143,1325.226,1381.028
20260902T145232Z,batch-10-c20-r3,batch-10,20,3,batch-submit,28.665,,480,480,0,16.745,,0,1260.182,1429.297,1453.746
20260902T145232Z,batch-10-c5-r1,batch-10,5,1,batch-submit,28.643,,60,60,0,2.095,,0,2527.888,2563.368,2566.017
20260902T145232Z,batch-10-c5-r2,batch-10,5,2,batch-submit,28.752,,60,60,0,2.087,,0,2543.968,2578.921,2580.178
20260902T145232Z,batch-10-c5-r3,batch-10,5,3,batch-submit,29.297,,60,60,0,2.048,,0,2583.263,2632.784,2634.303
20260902T145232Z,batch-25-c1-r1,batch-25,1,1,batch-submit,29.655,,12,12,0,0.405,,0,2618.44,2782.765,2782.765
20260902T145232Z,batch-25-c1-r2,batch-25,1,2,batch-submit,30.23,,12,12,0,0.397,,0,2659.031,2742.249,2742.249
20260902T145232Z,batch-25-c1-r3,batch-25,1,3,batch-submit,30.255,,12,12,0,0.397,,0,2653.592,2888.787,2888.787
20260902T145232Z,batch-25-c10-r1,batch-25,10,1,batch-submit,28.479,,286,286,0,10.042,,0,935.564,1679.558,1770.871
20260902T145232Z,batch-25-c10-r2,batch-25,10,2,batch-submit,30.286,,280,280,0,9.245,,0,981.111,1778.941,1907.98
20260902T145232Z,batch-25-c10-r3,batch-25,10,3,batch-submit,29.256,,286,286,0,9.776,,0,972.276,1795.689,1962.299
20260902T145232Z,batch-25-c20-r1,batch-25,20,1,batch-submit,29.529,,391,391,0,13.241,,0,1527.16,2055.904,2838.993
20260902T145232Z,batch-25-c20-r2,batch-25,20,2,batch-submit,30.214,,377,377,0,12.478,,0,1696.854,2140.115,2864.063
20260902T145232Z,batch-25-c20-r3,batch-25,20,3,batch-submit,31.02,,372,372,0,11.992,,0,1696.156,2180.703,2954.586
20260902T145232Z,batch-25-c5-r1,batch-25,5,1,batch-submit,30.467,,60,60,0,1.969,,0,2683.245,2725.313,2727.708
20260902T145232Z,batch-25-c5-r2,batch-25,5,2,batch-submit,30.46,,60,60,0,1.97,,0,2692.243,2752.175,2756.33
20260902T145232Z,batch-25-c5-r3,batch-25,5,3,batch-submit,28.33,,55,55,0,1.941,,0,2741.18,2788.958,2790.612
20260902T145232Z,batch-50-c1-r1,batch-50,1,1,batch-submit,28.6,,11,11,0,0.385,,0,2753.095,2899.672,2899.672
20260902T145232Z,batch-50-c1-r2,batch-50,1,2,batch-submit,29.177,,11,11,0,0.377,,0,2820.717,2952.081,2952.081
20260902T145232Z,batch-50-c1-r3,batch-50,1,3,batch-submit,29.757,,11,11,0,0.37,,0,2833.475,3214.663,3214.663
20260902T145232Z,batch-50-c10-r1,batch-50,10,1,batch-submit,29.078,,231,231,0,7.944,,0,1275.919,1810.82,1961.164
20260902T145232Z,batch-50-c10-r2,batch-50,10,2,batch-submit,31.14,,220,220,0,7.065,,0,1385.007,1934.151,2937.531
20260902T145232Z,batch-50-c10-r3,batch-50,10,3,batch-submit,28.837,,216,216,0,7.49,,0,1396.762,2005.445,2080.345
20260902T145232Z,batch-50-c20-r1,batch-50,20,1,batch-submit,29.681,,305,305,0,10.276,,0,2019.748,2419.677,3529.441
20260902T145232Z,batch-50-c20-r2,batch-50,20,2,batch-submit,30.256,,292,292,0,9.651,,0,2084.937,2497.371,3290.247
20260902T145232Z,batch-50-c20-r3,batch-50,20,3,batch-submit,30.688,,286,286,0,9.32,,0,2139.301,2516.971,3410.411
20260902T145232Z,batch-50-c5-r1,batch-50,5,1,batch-submit,30.08,,147,147,0,4.887,,0,939.688,1742.484,1860.691
20260902T145232Z,batch-50-c5-r2,batch-50,5,2,batch-submit,28.942,,143,143,0,4.941,,0,951.732,1824.141,1853.232
20260902T145232Z,batch-50-c5-r3,batch-50,5,3,batch-submit,29.49,,121,121,0,4.103,,0,1268.333,1824.806,1905.755
20260902T145232Z,issue-review-c1-r1,issue-review,1,1,approve,31.738,,8,8,0,0.252,,0,2079.449,2105.987,2105.987
20260902T145232Z,issue-review-c1-r1,issue-review,1,1,draft,29.632,,8,8,0,0.27,,0,2081.206,2120.804,2120.804
20260902T145232Z,issue-review-c1-r2,issue-review,1,2,approve,28.537,,7,7,0,0.245,,0,2070.658,2092.493,2092.493
20260902T145232Z,issue-review-c1-r2,issue-review,1,2,draft,26.445,,7,7,0,0.265,,0,2219.105,2280.792,2280.792
20260902T145232Z,issue-review-c1-r3,issue-review,1,3,approve,29.158,,7,7,0,0.24,,0,2086.681,2107.983,2107.983
20260902T145232Z,issue-review-c1-r3,issue-review,1,3,draft,27.05,,7,7,0,0.259,,0,2297.726,2324.332,2324.332
20260902T145232Z,issue-review-c10-r1,issue-review,10,1,approve,28.595,,1250,1250,0,43.714,,0,96.136,111.909,117.614
20260902T145232Z,issue-review-c10-r1,issue-review,10,1,draft,28.498,,1250,1250,0,43.863,,0,144.316,169.251,184.962
20260902T145232Z,issue-review-c10-r2,issue-review,10,2,approve,28.712,,870,870,0,30.301,,0,98.491,115.292,133.251
20260902T145232Z,issue-review-c10-r2,issue-review,10,2,draft,28.613,,870,870,0,30.406,,0,249.097,277.515,291.72
20260902T145232Z,issue-review-c10-r3,issue-review,10,3,approve,28.588,,700,700,0,24.486,,0,97.115,114.363,117.552
20260902T145232Z,issue-review-c10-r3,issue-review,10,3,draft,28.494,,700,700,0,24.567,,0,335.141,376.864,386.102
20260902T145232Z,issue-review-c20-r1,issue-review,20,1,approve,28.683,,1320,1320,0,46.02,,0,148.344,171.256,200.997
20260902T145232Z,issue-review-c20-r1,issue-review,20,1,draft,28.52,,1320,1320,0,46.283,,0,309.531,377.282,409.033
20260902T145232Z,issue-review-c20-r2,issue-review,20,2,approve,28.628,,970,970,0,33.883,,0,149.715,180.271,200.735
20260902T145232Z,issue-review-c20-r2,issue-review,20,2,draft,28.55,,970,970,0,33.975,,0,471.96,542.61,570.94
20260902T145232Z,issue-review-c20-r3,issue-review,20,3,approve,28.797,,870,870,0,30.211,,0,147.828,192.953,204.908
20260902T145232Z,issue-review-c20-r3,issue-review,20,3,draft,28.71,,870,870,0,30.303,,0,537.942,625.888,712.625
20260902T145232Z,issue-review-c5-r1,issue-review,5,1,approve,32.146,,40,40,0,1.244,,0,2112.154,2133.715,2133.824
20260902T145232Z,issue-review-c5-r1,issue-review,5,1,draft,30.029,,40,40,0,1.332,,0,2104.872,2113.878,2114.046
20260902T145232Z,issue-review-c5-r2,issue-review,5,2,approve,28.346,,35,35,0,1.235,,0,2087.255,2119.151,2119.596
20260902T145232Z,issue-review-c5-r2,issue-review,5,2,draft,26.269,,35,35,0,1.332,,0,2204.239,2308.283,2308.803
20260902T145232Z,issue-review-c5-r3,issue-review,5,3,approve,30.685,,35,35,0,1.141,,0,2087.849,2117.374,2118.264
20260902T145232Z,issue-review-c5-r3,issue-review,5,3,draft,28.61,,35,35,0,1.223,,0,2297.226,2322.274,2322.342
20260902T145232Z,public-verify-c1-r1,public-verify,1,1,verify,27.719,,3867,3867,0,139.507,,0,7.719,8.87,9.82
20260902T145232Z,public-verify-c1-r2,public-verify,1,2,verify,29.907,,4018,4018,0,134.35,,0,7.415,8.772,10.202
20260902T145232Z,public-verify-c1-r3,public-verify,1,3,verify,28.418,,4122,4122,0,145.049,,0,7.249,8.165,9.141
20260902T145232Z,public-verify-c10-r1,public-verify,10,1,verify,28.466,,18686,18686,0,656.432,,0,16.413,21.563,24.864
20260902T145232Z,public-verify-c10-r2,public-verify,10,2,verify,28.461,,19022,19022,0,668.353,,0,16.13,21.028,23.746
20260902T145232Z,public-verify-c10-r3,public-verify,10,3,verify,28.461,,18977,18977,0,666.772,,0,16.255,21.031,24.491
20260902T145232Z,public-verify-c20-r1,public-verify,20,1,verify,28.416,,20952,20952,0,737.331,,0,28.672,38.612,43.903
20260902T145232Z,public-verify-c20-r2,public-verify,20,2,verify,28.352,,21168,21168,0,746.614,,0,28.302,38.202,43.895
20260902T145232Z,public-verify-c20-r3,public-verify,20,3,verify,28.441,,21633,21633,0,760.627,,0,27.934,37.218,42.742
20260902T145232Z,public-verify-c5-r1,public-verify,5,1,verify,28.384,,14494,14494,0,510.64,,0,10.439,13.553,15.381
20260902T145232Z,public-verify-c5-r2,public-verify,5,2,verify,29.485,,14623,14623,0,495.947,,0,10.341,13.488,15.653
20260902T145232Z,public-verify-c5-r3,public-verify,5,3,verify,28.344,,14757,14757,0,520.639,,0,10.285,13.196,14.778
20260902T145232Z,student-private-c1-r1,student-private,1,1,private-query,28.418,,3762,3762,0,132.381,,0,7.957,8.905,9.707
20260902T145232Z,student-private-c1-r2,student-private,1,2,private-query,28.407,,3793,3793,0,133.523,,0,7.87,8.903,10.522
20260902T145232Z,student-private-c1-r3,student-private,1,3,private-query,28.324,,3837,3837,0,135.468,,0,7.801,8.753,10.088
20260902T145232Z,student-private-c10-r1,student-private,10,1,private-query,28.998,,18627,18627,0,642.355,,0,16.491,21.328,24.206
20260902T145232Z,student-private-c10-r2,student-private,10,2,private-query,30.01,,18483,18483,0,615.895,,0,16.637,21.638,24.613
20260902T145232Z,student-private-c10-r3,student-private,10,3,private-query,28.444,,18558,18558,0,652.44,,0,16.57,21.477,24.884
20260902T145232Z,student-private-c20-r1,student-private,20,1,private-query,28.455,,21545,21545,0,757.16,,0,28.385,36.786,42.125
20260902T145232Z,student-private-c20-r2,student-private,20,2,private-query,28.388,,21358,21358,0,752.36,,0,28.315,38.096,44.187
20260902T145232Z,student-private-c20-r3,student-private,20,3,private-query,28.352,,20360,20360,0,718.115,,0,29.418,40.961,49.354
20260902T145232Z,student-private-c5-r1,student-private,5,1,private-query,28.383,,14212,14212,0,500.722,,0,10.651,13.533,15.478
20260902T145232Z,student-private-c5-r2,student-private,5,2,private-query,28.347,,14168,14168,0,499.806,,0,10.667,13.625,15.308
20260902T145232Z,student-private-c5-r3,student-private,5,3,private-query,28.356,,14298,14298,0,504.232,,0,10.587,13.473,15.411
